batch_size,learning_rate,dropout_rate,val_loss,val_accuracy,val_precision,val_recall
64,0.0001,0.4,0.42774713039398193,0.8174999952316284,0.8716216087341309,0.875
16,0.0001,0.3,0.3967107832431793,0.8324999809265137,0.8947368264198303,0.8849999904632568
64,0.0001,0.2,0.41931015253067017,0.8174999952316284,0.9159663915634155,0.8149999976158142
16,0.0001,0.4,0.5031029582023621,0.7774999737739563,0.8613138794898987,0.8100000023841858
32,1e-05,0.4,0.5730491876602173,0.7200000286102295,0.7878788113594055,0.675000011920929
