batch_size,learning_rate,dropout_rate,val_loss,val_accuracy,val_precision,val_recall
64,1e-05,0.2,0.5310695767402649,0.7475000023841858,0.7368420958518982,0.9449999928474426
32,1e-05,0.3,0.562782347202301,0.7250000238418579,0.7171717286109924,0.8299999833106995
64,1e-05,0.4,0.5680487751960754,0.7275000214576721,0.7058823704719543,0.9100000262260437
32,0.0001,0.3,0.3941707909107208,0.8374999761581421,0.8607594966888428,0.9449999928474426
64,0.001,0.2,0.42697834968566895,0.8050000071525574,0.8687499761581421,0.9599999785423279
